<?xml version="1.0" encoding="UTF-8"?>
<project-private xmlns="http://www.netbeans.org/ns/project-private/1">
    <editor-bookmarks xmlns="http://www.netbeans.org/ns/editor-bookmarks/2" lastBookmarkId="0"/>
    <open-files xmlns="http://www.netbeans.org/ns/projectui-open-files/2">
        <group>
            <file>file:/D:/MoshMeir/Moshe%20new%20project/projectSchoolMM/src/projectschoolmm/Teacher.java</file>
            <file>file:/D:/MoshMeir/Moshe%20new%20project/projectSchoolMM/src/projectschoolmm/ProjectSchoolMM.java</file>
            <file>file:/D:/MoshMeir/Moshe%20new%20project/projectSchoolMM/src/projectschoolmm/Person.java</file>
            <file>file:/D:/MoshMeir/Moshe%20new%20project/projectSchoolMM/src/projectschoolmm/Student.java</file>
        </group>
    </open-files>
</project-private>
